"Topic name","Tags","Partitions","Production","Consumption","Retained bytes","Consumers","Has data contract","Tableflow"
"aggregate.airing.v4","","20","","150B/s","1004.03MB","","false",""
"aggregate.airing.v5","","20","","150B/s","627.04MB","","false",""
"aggregate.airingNotification.v4","","20","","474B/s","1.16GB","","false",""
"aggregate.airingNotification.v5","","20","","","670.53MB","","false",""
"aggregate.article.v4","","20","","150B/s","139.39MB","","false",""
"aggregate.articleNotification.v4","","20","","","146.82MB","","false",""
"aggregate.brand.v4","","30","","236B/s","110.7KB","","false",""
"aggregate.brandNotification.v4","","20","","","57.3KB","","false",""
"aggregate.edit.v4","","30","226B/s","465B/s","2.47GB","","false",""
"aggregate.editNotification.v4","","20","132B/s","","2.16GB","","false",""
"aggregate.offering.v4","","50","20.09KB/s","20.51KB/s","3.66GB","","false",""
"aggregate.offering.v5","","50","9.75KB/s","10.28KB/s","1.08GB","","false",""
"aggregate.offeringNotification.v4","","20","11.59KB/s","5.89MB/s","3.37GB","","false",""
"aggregate.offeringNotification.v5","","20","7.81KB/s","","1.25GB","","false",""
"aggregate.program.v4","","30","287B/s","528B/s","1.32GB","","false",""
"aggregate.programNotification.v4","","20","333B/s","","1.23GB","","false",""
"aggregate.season.v4","","30","130B/s","340B/s","18.75MB","","false",""
"aggregate.seasonNotification.v4","","20","40B/s","","18.62MB","","false",""
"aggregate.series.v4","","30","7B/s","218B/s","20.63MB","","false",""
"aggregate.seriesNotification.v4","","20","23B/s","","18.66MB","","false",""
"aggregate.socialChannel.v4","","20","","152B/s","41.44MB","","false",""
"aggregate.socialChannelNotification.v4","","20","","","45.71MB","","false",""
"aggregate.socialMedia.v4","","20","29B/s","181B/s","500.01MB","","false",""
"aggregate.socialMediaNotification.v4","","20","20B/s","","467.31MB","","false",""
"any-amer.api.partner-fulfillment.actions.v1","","20","","0B/s","2.42KB","","false",""
"any-amer.api.payments.automated.receipts.v1","","20","","","0B","","false",""
"any-amer.api.payments.automated.v1","","80","","","0B","","false",""
"any-amer.api.payments.modifications.receipts.v1","","20","","","0B","","false",""
"any-amer.api.payments.modifications.v1","","20","","","0B","","false",""
"any-amer.entity.billing-address.v1","","20","","","0B","","false",""
"any-amer.entity.extra-member.access.v1","","3","","","227.99KB","","false",""
"any-amer.entity.extra-member.slot.v1","","3","","","259.92KB","","false",""
"any-amer.entity.household.v1","","20","","","45.5KB","","false",""
"any-amer.entity.iap-consumable.v1","","3","","","0B","","false",""
"any-amer.entity.idp.v1","","20","","","9.27GB","","false",""
"any-amer.entity.maas.migration-state.v1","","3","","","140.46GB","","false",""
"any-amer.entity.maas.observation.ad-hoc.v2","","3","","","157.31GB","","false",""
"any-amer.entity.maas.observation.commerce-dtc.v1","","3","","","9.02KB","","false",""
"any-amer.entity.maas.observation.commerce-dtc.v2","","3","","","0B","","false",""
"any-amer.entity.maas.observation.commerce-iap.exporter-result.v1","","3","","","0B","","false",""
"any-amer.entity.maas.observation.commerce-iap.paypro.v1","","3","","","0B","","false",""
"any-amer.entity.maas.observation.commerce-iap.subscription.v1","","3","","","0B","","false",""
"any-amer.entity.maas.observation.commerce-iap.v2","","3","","","7.63KB","","false",""
"any-amer.entity.maas.observation.consent.v1","","3","","","0B","","false",""
"any-amer.entity.maas.observation.consent.v2","","3","","","46.72KB","","false",""
"any-amer.entity.maas.observation.partner-integration.v2","","3","","","0B","","false",""
"any-amer.entity.maas.observation.preferences.v1","","3","","","0B","","false",""
"any-amer.entity.maas.observation.preferences.v2","","3","","","387.17KB","","false",""
"any-amer.entity.maas.observation.silhouette.v1","","3","","","0B","","false",""
"any-amer.entity.maas.observation.silhouette.v2","","3","","","26.67KB","","false",""
"any-amer.entity.maas.observation.user-account.v1","","3","","","0B","","false",""
"any-amer.entity.maas.observation.user-account.v2","","3","","","88.68KB","","false",""
"any-amer.entity.maas.observation.user-authentication.v1","","3","","","0B","","false",""
"any-amer.entity.maas.observation.user-authentication.v2","","3","","","14.8KB","","false",""
"any-amer.entity.maas.observation.user-profile.v1","","3","","","0B","","false",""
"any-amer.entity.maas.observation.user-profile.v2","","3","","","0B","","false",""
"any-amer.entity.partner-fulfillment.partner-fulfillment.v1","","6","","","777.79KB","","false",""
"any-amer.entity.payment-method.v1","","20","","","0B","","false",""
"any-amer.entity.payment-transaction.v1","","20","","","0B","","false",""
"any-amer.event.extra-member.access.v1","","3","","","16.34KB","","false",""
"any-amer.event.extra-member.slot.v1","","3","","","22.78KB","","false",""
"any-amer.event.gauth.userinfo","","20","0B/s","0B/s","10.37MB","","false",""
"any-amer.event.household.v1","","20","","","286.17KB","","false",""
"any-amer.event.iap-consumable-audit.v1","","3","","","0B","","false",""
"any-amer.event.iap-consumable.amazon-notification.v1","","3","","","0B","","false",""
"any-amer.event.iap-consumable.apple-notification.v1","","3","","","0B","","false",""
"any-amer.event.iap-consumable.google-notification.v1","","3","","","0B","","false",""
"any-amer.event.iap-consumable.roku-notification.v1","","3","","","0B","","false",""
"any-amer.event.iap-consumable.samsung-notification.v1","","3","","","0B","","false",""
"any-amer.event.iap-consumable.v1","","3","","","0B","","false",""
"any-amer.event.idp.v1","","20","","0B/s","75.24MB","","false",""
"any-amer.event.maas.ad-hoc.v1","","3","","","0B","","false",""
"any-amer.event.maas.commerce-iap.v1","","3","","","0B","","false",""
"any-amer.event.maas.commerce.v1","","3","","","0B","","false",""
"any-amer.event.maas.consent.v1","","3","","","0B","","false",""
"any-amer.event.maas.error.ad-hoc.v1","","3","","","0B","","false",""
"any-amer.event.maas.error.commerce-iap.v1","","3","","","0B","","false",""
"any-amer.event.maas.error.commerce.v1","","3","","","0B","","false",""
"any-amer.event.maas.error.consent.v1","","3","","","0B","","false",""
"any-amer.event.maas.error.partner-integration-unregistered.v1","","3","","","0B","","false",""
"any-amer.event.maas.error.partner-integration.v1","","3","","","0B","","false",""
"any-amer.event.maas.error.preferences.v1","","3","","","0B","","false",""
"any-amer.event.maas.error.silhouette.v1","","3","","","0B","","false",""
"any-amer.event.maas.error.user-account.v1","","3","","","0B","","false",""
"any-amer.event.maas.error.user-authentication.v1","","3","","","0B","","false",""
"any-amer.event.maas.error.user-profile.v1","","3","","","0B","","false",""
"any-amer.event.maas.error.viewer-my-list.v1","","3","","","0B","","false",""
"any-amer.event.maas.error.viewer-playback-marker.v1","","3","","","0B","","false",""
"any-amer.event.maas.error.viewer-watch-history.v1","","3","","","0B","","false",""
"any-amer.event.maas.export.v1","","3","","","0B","","false",""
"any-amer.event.maas.migration-state.v1","","3","","","0B","","false",""
"any-amer.event.maas.observation.partner-integration.v1","","3","","","0B","","false",""
"any-amer.event.maas.partner-integration-unregistered.v1","","3","","","0B","","false",""
"any-amer.event.maas.partner-integration.v1","","3","","","0B","","false",""
"any-amer.event.maas.pending.commerce-iap.v1","","3","","","0B","","false",""
"any-amer.event.maas.pending.commerce.v1","","3","","","0B","","false",""
"any-amer.event.maas.pending.consent.v1","","3","","","0B","","false",""
"any-amer.event.maas.pending.partner-integration.v1","","60","","","0B","","false",""
"any-amer.event.maas.pending.preferences.v1","","3","","","0B","","false",""
"any-amer.event.maas.pending.silhouette.v1","","3","","","0B","","false",""
"any-amer.event.maas.pending.user-authentication.v1","","3","","","0B","","false",""
"any-amer.event.maas.pending.user-profile.v1","","3","","","0B","","false",""
"any-amer.event.maas.preferences.v1","","3","","","0B","","false",""
"any-amer.event.maas.retry.v1","","3","","","0B","","false",""
"any-amer.event.maas.silhouette.v1","","3","","","0B","","false",""
"any-amer.event.maas.user-account.v1","","3","","","0B","","false",""
"any-amer.event.maas.user-authentication.v1","","3","","","0B","","false",""
"any-amer.event.maas.user-profile.v1","","3","","","0B","","false",""
"any-amer.event.maas.viewer-my-list.v1","","3","","","0B","","false",""
"any-amer.event.maas.viewer-playback-marker.v1","","3","","","0B","","false",""
"any-amer.event.maas.viewer-watch-history.v1","","3","","","0B","","false",""
"any-amer.event.payment-method.v1","","20","","","0B","","false",""
"any-amer.event.payment-transaction.v1","","20","","","0B","","false",""
"any-amer.flash.mitigation.message.v1","","6","","","15.81KB","","false",""
"any-amer.flash.session.state.change.v1","","6","0B/s","0B/s","39.11MB","","false",""
"any-amer.internal.event.commerce-exporter.processed.v1","","20","","","0B","","false",""
"any-amer.internal.event.commerce-exporter.unprocessed.v1","","20","","","0B","","false",""
"any-amer.internal.event.generic-exporter.processed.v1","","3","","","0B","","false",""
"any-amer.internal.event.generic-exporter.unprocessed.v1","","3","","","0B","","false",""
"any-amer.internal.event.payment-method.sync.receipts.v2","","20","","","0B","","false",""
"any-amer.internal.event.payment-method.sync.v2","","20","","","0B","","false",""
"any-amer.internal.event.payment-session.v1","","20","","","0B","","false",""
"any-amer.internal.event.payment.attributes.v1","","20","","","0B","","false",""
"any-amer.internal.event.payment.notification.adyen.v0","","20","","","0B","","false",""
"any-amer.internal.event.payment.notification.paypal.v0","","20","","","0B","","false",""
"any-amer.internal.event.payment.notification.spreedly.v0","","20","","","0B","","false",""
"any-amer.internal.event.payment.notification.spreedly.v1","","20","","","0B","","false",""
"any-amer.internal.event.payment.notification.stripe.v0","","20","","","0B","","false",""
"any-amer.internal.event.payment.pending-payment-update.v0","","20","","","0B","","false",""
"any-amer.internal.event.payment.reconciliation.v0","","6","","","0B","","false",""
"any-amer.internal.event.payment.reference.mapping.v1","","20","","","0B","","false",""
"any-amer.internal.event.sap-exporter-dry-run.ppv-task-processing.v1","","10","","","0B","","false",""
"any-amer.internal.event.sap-exporter-dry-run.scheduled-task-processing.v1","","10","","","0B","","false",""
"any-amer.internal.event.sap-exporter.ppv-task-processing.v1","","6","","","0B","","false",""
"any-amer.internal.event.sap-exporter.scheduled-task-processing.v1","","6","7B/s","7B/s","119.94KB","","false",""
"any-amer.internal.event.tax-record.v1","","20","","","0B","","false",""
"any-amer.internal.event.transaction.sync.receipts.v2","","80","","","0B","","false",""
"any-amer.internal.event.transaction.sync.v2","","80","","","0B","","false",""
"any-any.dcp-databricks.isdk-dlq.json.v1","","20","","","0B","","false",""
"any-any.dcp-databricks.isdk.growth-marketing.json.v1","","40","98B/s","98B/s","238.43MB","","false",""
"any-any.dcp-databricks.isdk.json.v1","","40","1.12KB/s","1.22KB/s","514.24MB","","false",""
"any-any.dcp-databricks.isdk.json.v1-temp-load-test-da-43917","","384","","","0B","","false",""
"any-any.entity.gauth.partner.name","","20","","","2.43MB","","false",""
"any-any.event.diana.metric.v1","","10","178B/s","523B/s","8.08GB","","false",""
"any-any.event.entitlements-metadata.edit-invalidation.v1","","20","385B/s","4.13KB/s","20.48MB","","false",""
"any-any.event.entitlements-metadata.region-shape-invalidation.v1","","20","","0B/s","0B","","false",""
"any-any.event.entitlements-metadata.tvod-invalidation.v1","","20","","","0B","","false",""
"any-any.event.flash.metric.v1","","6","","0B/s","17.15KB","","false",""
"any-any.event.gauth.partner.name","","20","","","0B","","false",""
"any-any.internal.event.sap-exporter-dry-run.ppv-task-processing.v1","","10","","","0B","","false",""
"any-any.internal.event.sap-exporter-dry-run.scheduled-task-processing.v1","","10","","","0B","","false",""
"any-apac.event.iap-consumable.amazon-notification.v1","","3","","","0B","","false",""
"any-apac.event.iap-consumable.apple-notification.v1","","3","","","0B","","false",""
"any-apac.event.iap-consumable.google-notification.v1","","3","","","0B","","false",""
"any-apac.event.iap-consumable.roku-notification.v1","","3","","","0B","","false",""
"any-apac.event.iap-consumable.samsung-notification.v1","","3","","","0B","","false",""
"any-emea.event.iap-consumable.amazon-notification.v1","","3","","","0B","","false",""
"any-emea.event.iap-consumable.apple-notification.v1","","3","","","0B","","false",""
"any-emea.event.iap-consumable.google-notification.v1","","3","","","0B","","false",""
"any-emea.event.iap-consumable.roku-notification.v1","","3","","","0B","","false",""
"any-emea.event.iap-consumable.samsung-notification.v1","","3","","","0B","","false",""
"any-emea.internal.event.payment.notification.spreedly.v0","","20","","","0B","","false",""
"any-latam.api.partner-fulfillment.actions.v1","","20","","0B/s","0B","","false",""
"any-latam.api.payments.automated.receipts.v1","","20","43B/s","86B/s","37.38MB","","false",""
"any-latam.api.payments.automated.receipts.v2","","20","","","1.2KB","","false",""
"any-latam.api.payments.automated.v1","","80","96B/s","192B/s","76.52MB","","false",""
"any-latam.api.payments.automated.v2","","80","","","1.7KB","","false",""
"any-latam.api.payments.modifications.receipts.v1","","20","","","0B","","false",""
"any-latam.api.payments.modifications.receipts.v2","","20","","","0B","","false",""
"any-latam.api.payments.modifications.v1","","20","","","0B","","false",""
"any-latam.api.payments.modifications.v2","","20","","","0B","","false",""
"any-latam.api.subscriptions.partner-subscriptions.receipts.v1","","20","","","0B","","false",""
"any-latam.api.subscriptions.partner-subscriptions.v1","","20","","","0B","","false",""
"any-latam.entity.billing-address.v1","","20","","","0B","","false",""
"any-latam.entity.iap-consumable.v1","","3","","","0B","","false",""
"any-latam.entity.idp.v1","","20","","","548.95MB","","false",""
"any-latam.entity.legacy-id-mappings.legacy-sku-details.v1","","3","","","0B","","false",""
"any-latam.entity.legacy-id-mappings.price-plans.v1","","3","","","1.89KB","","false",""
"any-latam.entity.legacy-id-mappings.products.v1","","3","","","0B","","false",""
"any-latam.entity.legacy-id-mappings.subscription-counts.v1","","3","","","0B","","false",""
"any-latam.entity.legacy-id-mappings.subscriptions.v1","","3","","","2.44KB","","false",""
"any-latam.entity.maas.migration-state.v1","","3","","","51.32MB","","false",""
"any-latam.entity.maas.observation.ad-hoc.v2","","3","","","1.96MB","","false",""
"any-latam.entity.maas.observation.commerce-dtc.v1","","3","","","306B","","false",""
"any-latam.entity.maas.observation.commerce-dtc.v2","","3","","","0B","","false",""
"any-latam.entity.maas.observation.commerce-iap.exporter-result.v1","","3","","","849B","","false",""
"any-latam.entity.maas.observation.commerce-iap.paypro.v1","","3","","","2.84KB","","false",""
"any-latam.entity.maas.observation.commerce-iap.subscription.v1","","3","","","2.21KB","","false",""
"any-latam.entity.maas.observation.commerce-iap.v2","","3","","","0B","","false",""
"any-latam.entity.maas.observation.consent.v1","","3","","","5.16KB","","false",""
"any-latam.entity.maas.observation.consent.v2","","3","","","0B","","false",""
"any-latam.entity.maas.observation.partner-integration.v2","","3","","","0B","","false",""
"any-latam.entity.maas.observation.preferences.v1","","3","","","0B","","false",""
"any-latam.entity.maas.observation.preferences.v2","","3","","","0B","","false",""
"any-latam.entity.maas.observation.silhouette.v1","","3","","","0B","","false",""
"any-latam.entity.maas.observation.silhouette.v2","","3","","","0B","","false",""
"any-latam.entity.maas.observation.user-account.v1","","3","","","5.78KB","","false",""
"any-latam.entity.maas.observation.user-account.v2","","3","","","0B","","false",""
"any-latam.entity.maas.observation.user-authentication.v1","","3","","","5.92KB","","false",""
"any-latam.entity.maas.observation.user-authentication.v2","","3","","","0B","","false",""
"any-latam.entity.maas.observation.user-profile.v1","","3","","","5.84KB","","false",""
"any-latam.entity.maas.observation.user-profile.v2","","3","","","0B","","false",""
"any-latam.entity.payment-method.v1","","20","128B/s","255B/s","1.5GB","","false",""
"any-latam.entity.payment-receipt.v1","","20","","","72.57KB","","false",""
"any-latam.entity.payment-transaction.v1","","20","383B/s","766B/s","13.71GB","","false",""
"any-latam.entity.payment-transaction.v2","","20","286B/s","394B/s","2.4GB","","false",""
"any-latam.entity.spreedly-token-details.v1","","20","56B/s","56B/s","289.05MB","","false",""
"any-latam.event.gauth.audit","","20","","0B/s","23.04MB","","false",""
"any-latam.event.gauth.audit.transformed","","20","","","100.29MB","","false",""
"any-latam.event.gauth.partner","","20","","0B/s","3.69MB","","false",""
"any-latam.event.gauth.partnerFulfillmentConfirmation.v1","","20","","","0B","","false",""
"any-latam.event.gauth.user","","20","","0B/s","357.72KB","","false",""
"any-latam.event.iap-consumable-audit.v1","","3","","","0B","","false",""
"any-latam.event.iap-consumable.amazon-notification.v1","","3","","","0B","","false",""
"any-latam.event.iap-consumable.apple-notification.v1","","3","","","0B","","false",""
"any-latam.event.iap-consumable.google-notification.v1","","3","","","0B","","false",""
"any-latam.event.iap-consumable.roku-notification.v1","","3","","","0B","","false",""
"any-latam.event.iap-consumable.samsung-notification.v1","","3","","","0B","","false",""
"any-latam.event.iap-consumable.v1","","3","","","0B","","false",""
"any-latam.event.idp.v1","","20","","","848.5KB","","false",""
"any-latam.event.lexicon.audit","","20","","0B/s","180.29KB","","false",""
"any-latam.event.lexicon.audit.databricks","","20","","","1.06MB","","false",""
"any-latam.event.maas.ad-hoc.v1","","3","","","0B","","false",""
"any-latam.event.maas.commerce-iap.v1","","3","","","0B","","false",""
"any-latam.event.maas.commerce.v1","","3","","","0B","","false",""
"any-latam.event.maas.consent.v1","","3","","","0B","","false",""
"any-latam.event.maas.error.ad-hoc.v1","","3","","","0B","","false",""
"any-latam.event.maas.error.commerce-iap.v1","","3","","","0B","","false",""
"any-latam.event.maas.error.commerce.v1","","3","","","0B","","false",""
"any-latam.event.maas.error.consent.v1","","3","","","0B","","false",""
"any-latam.event.maas.error.partner-integration-unregistered.v1","","3","","","0B","","false",""
"any-latam.event.maas.error.partner-integration.v1","","3","","","0B","","false",""
"any-latam.event.maas.error.preferences.v1","","3","","","0B","","false",""
"any-latam.event.maas.error.silhouette.v1","","3","","","0B","","false",""
"any-latam.event.maas.error.user-account.v1","","3","","","0B","","false",""
"any-latam.event.maas.error.user-authentication.v1","","3","","","0B","","false",""
"any-latam.event.maas.error.user-profile.v1","","3","","","0B","","false",""
"any-latam.event.maas.error.viewer-my-list.v1","","3","","","0B","","false",""
"any-latam.event.maas.error.viewer-playback-marker.v1","","3","","","0B","","false",""
"any-latam.event.maas.error.viewer-watch-history.v1","","3","","","0B","","false",""
"any-latam.event.maas.export.v1","","3","","","0B","","false",""
"any-latam.event.maas.migration-state.v1","","3","","","0B","","false",""
"any-latam.event.maas.observation.partner-integration.v1","","3","","","0B","","false",""
"any-latam.event.maas.partner-integration-unregistered.v1","","3","","","0B","","false",""
"any-latam.event.maas.partner-integration.v1","","3","","","0B","","false",""
"any-latam.event.maas.pending.commerce-iap.v1","","3","","","0B","","false",""
"any-latam.event.maas.pending.commerce.v1","","3","","","0B","","false",""
"any-latam.event.maas.pending.consent.v1","","3","","","0B","","false",""
"any-latam.event.maas.pending.partner-integration.v1","","60","","","0B","","false",""
"any-latam.event.maas.pending.preferences.v1","","3","","","0B","","false",""
"any-latam.event.maas.pending.silhouette.v1","","3","","","0B","","false",""
"any-latam.event.maas.pending.user-authentication.v1","","3","","","0B","","false",""
"any-latam.event.maas.pending.user-profile.v1","","3","","","0B","","false",""
"any-latam.event.maas.preferences.v1","","3","","","0B","","false",""
"any-latam.event.maas.retry.v1","","3","","","0B","","false",""
"any-latam.event.maas.silhouette.v1","","3","","","0B","","false",""
"any-latam.event.maas.user-account.v1","","3","","","0B","","false",""
"any-latam.event.maas.user-authentication.v1","","3","","","0B","","false",""
"any-latam.event.maas.user-profile.v1","","3","","","0B","","false",""
"any-latam.event.maas.viewer-my-list.v1","","3","","","0B","","false",""
"any-latam.event.maas.viewer-playback-marker.v1","","3","","","0B","","false",""
"any-latam.event.maas.viewer-watch-history.v1","","3","","","0B","","false",""
"any-latam.event.messaging-platform.highpri","","6","","","0B","","false",""
"any-latam.event.messaging-platform.lowpri","","6","","","10.39MB","","false",""
"any-latam.event.payment-method.v1","","20","","","638.36KB","","false",""
"any-latam.event.payment-provider-api-invocation.v1","","20","1.03KB/s","1.03KB/s","964.69MB","","false",""
"any-latam.event.payment-provider-notification.v1","","20","","","2.51MB","","false",""
"any-latam.event.payment-transaction.v1","","20","339B/s","1.99KB/s","297.93MB","","false",""
"any-latam.event.payment-transaction.v2","","20","368B/s","1.59KB/s","291.8MB","","false",""
"any-latam.event.subscription-payment-failure.v1","","20","","","12.11KB","","false",""
"any-latam.internal.event.payment-method.sync.receipts.v2","","80","","","7.3KB","","false",""
"any-latam.internal.event.payment-method.sync.v2","","80","158B/s","316B/s","18.86MB","","false",""
"any-latam.internal.event.payment-session.v1","","20","208B/s","416B/s","174.52MB","","false",""
"any-latam.internal.event.payment.api-invocation.spreedly.v0","","20","1.34KB/s","2.69KB/s","1.02GB","","false",""
"any-latam.internal.event.payment.attributes.v1","","20","123B/s","245B/s","151.38MB","","false",""
"any-latam.internal.event.payment.notification.adyen.v0","","20","","","0B","","false",""
"any-latam.internal.event.payment.notification.dlocal.v0","","20","","","92.87KB","","false",""
"any-latam.internal.event.payment.notification.ebanx.v0","","20","","","0B","","false",""
"any-latam.internal.event.payment.notification.paypal.v0","","20","","","0B","","false",""
"any-latam.internal.event.payment.notification.spreedly.v0","","20","","","0B","","false",""
"any-latam.internal.event.payment.notification.spreedly.v1","","20","","","0B","","false",""
"any-latam.internal.event.payment.notification.stripe.v0","","20","","","2.93MB","","false",""
"any-latam.internal.event.payment.pending-payment-update.v0","","20","","","0B","","false",""
"any-latam.internal.event.payment.reconciliation.v0","","6","","","0B","","false",""
"any-latam.internal.event.payment.reference.mapping.v1","","20","340B/s","681B/s","319.42MB","","false",""
"any-latam.internal.event.sap-exporter-dry-run.ppv-task-processing.v1","","10","","","0B","","false",""
"any-latam.internal.event.sap-exporter-dry-run.scheduled-task-processing.v1","","10","","","0B","","false",""
"any-latam.internal.event.sap-exporter.ppv-task-processing.v1","","6","","","0B","","false",""
"any-latam.internal.event.sap-exporter.scheduled-task-processing.v1","","6","37B/s","37B/s","503.32KB","","false",""
"any-latam.internal.event.tax-record.v1","","20","","","0B","","false",""
"any-latam.internal.event.transaction.sync.receipts.v2","","80","","","7.81KB","","false",""
"any-latam.internal.event.transaction.sync.receipts.v3","","80","","","5.31KB","","false",""
"any-latam.internal.event.transaction.sync.v2","","80","256B/s","512B/s","21.12MB","","false",""
"any-latam.internal.event.transaction.sync.v3","","80","","","144.85KB","","false",""
"api.iap-subscription.actions.v1","","20","","","0B","","false",""
"api.payments.automated.receipts.v1","","20","","","2.69MB","","false",""
"api.payments.automated.receipts.v2","","20","","","0B","","false",""
"api.payments.automated.v1","","80","","","6.75MB","","false",""
"api.payments.automated.v2","","80","","","0B","","false",""
"api.payments.modifications.receipts.v1","","20","","","0B","","false",""
"api.payments.modifications.receipts.v2","","20","","","0B","","false",""
"api.payments.modifications.v1","","20","","","0B","","false",""
"api.payments.modifications.v2","","20","","","0B","","false",""
"api.subscriptions.partner-subscriptions.receipts.v1","","20","","","0B","","false",""
"api.subscriptions.partner-subscriptions.v1","","20","","","0B","","false",""
"apse1.any-apac.event.campaign.internal.campaign-code.v1","","10","","","7.3KB","","false",""
"apse1.beam-apac.internal.legal.localization.v1","","10","","","0B","","false",""
"beam-amer.api.iap-subscription.action-outcome.v1","","20","","","0B","","false",""
"beam-amer.entity.iap-subscription.offer-eligibility.v1","","20","","","1.67MB","","false",""
"beam-amer.entity.iap-subscription.v1","","20","","","285.64MB","","false",""
"beam-amer.entity.legacy-id-mappings.legacy-sku-details.v1","","3","","","3.68KB","","false",""
"beam-amer.entity.legacy-id-mappings.subscription-counts.v1","","3","","","0B","","false",""
"beam-amer.entity.silhouette.v1","","20","60B/s","","161.51GB","","false",""
"beam-amer.entity.silhouette.v2","","20","42B/s","100B/s","148.8GB","","false",""
"beam-amer.event.silhouette.v1","","20","","","13.71MB","","false",""
"beam-amer.event.silhouette.v2","","20","","0B/s","16.84MB","","false",""
"beam-amer.event.transactional-campaigns.v1","","6","","","0B","","false",""
"beam-amer.heartbeat-signal","","20","","","0B","","false",""
"beam-amer.morpheus-notification","","20","","","0B","","false",""
"beam-amer.temp.entity.users.profile","","20","","","135.6GB","","false",""
"beam-amer.temp.event.users","","21","","","1.36MB","","false",""
"beam-any.dcp-databricks.essdk-dlq.json.v1","","40","","","0B","","false",""
"beam-any.dcp-databricks.essdk.json.v1","","80","","","0B","","false",""
"beam-apac.event.roku-instant-signup.v1","","6","","","0B","","false",""
"beam-apac.internal.event.payment.notification.iap.amazon.raw","","20","","","0B","","false",""
"beam-apac.internal.event.payment.notification.iap.apple.raw","","20","","","119.44KB","","false",""
"beam-apac.internal.event.payment.notification.iap.google.raw","","20","","","55.92KB","","false",""
"beam-apac.internal.event.payment.notification.iap.roku.v0","","20","","","0B","","false",""
"beam-apac.internal.event.payment.notification.iap.samsung.raw","","20","","","0B","","false",""
"beam-apac.internal.event.payment.notification.iap.vizio.raw","","20","","","0B","","false",""
"beam-emea.event.roku-instant-signup.v1","","6","","","0B","","false",""
"beam-emea.internal.event.payment.notification.iap.amazon.raw","","20","","","0B","","false",""
"beam-emea.internal.event.payment.notification.iap.apple.raw","","20","","","576.58KB","","false",""
"beam-emea.internal.event.payment.notification.iap.google.raw","","20","","","98.37KB","","false",""
"beam-emea.internal.event.payment.notification.iap.roku.v0","","20","","","1.98KB","","false",""
"beam-emea.internal.event.payment.notification.iap.samsung.raw","","20","","","1.14KB","","false",""
"beam-emea.internal.event.payment.notification.iap.vizio.raw","","20","","","0B","","false",""
"beam-latam.api.iap-subscription.action-outcome.v1","","20","","","0B","","false",""
"beam-latam.api.iap-subscription.actions.v1","","20","","","0B","","false",""
"beam-latam.entity.capabilities.user-capability.v1","","40","","","1.27GB","","false",""
"beam-latam.entity.iap-subscription.offer-eligibility.v1","","20","","","13.96KB","","false",""
"beam-latam.entity.iap-subscription.v1","","20","","","130.88MB","","false",""
"beam-latam.entity.legal.v1","","10","","","5.23GB","","false",""
"beam-latam.entity.lightning-bird.v1","","6","","","0B","","false",""
"beam-latam.entity.personalized-offers.offer.v1","","6","","","1.04MB","","false",""
"beam-latam.entity.silhouette.v1","","20","","","6KB","","false",""
"beam-latam.entity.silhouette.v2","","20","","","0B","","false",""
"beam-latam.entity.subscription.non-paying-period.v1","","20","","","191.82KB","","false",""
"beam-latam.entity.subscription.non-paying-period.v2","","20","","","171.89KB","","false",""
"beam-latam.entity.subscription.subscription.v1","","20","","","974.14MB","","false",""
"beam-latam.entity.subscription.subscription.v2","","20","99B/s","395B/s","994.21MB","","false",""
"beam-latam.entity.users.profile.v2","","20","","","103.34GB","","false",""
"beam-latam.entity.users.user-legacy-mapping.v2","","20","","","3.36MB","","false",""
"beam-latam.entity.users.user.v2","","20","","","4GB","","false",""
"beam-latam.event.capabilities.internal.tvod-entitlement.v1","","40","","","0B","","false",""
"beam-latam.event.capabilities.user-capability.v1","","40","","","0B","","false",""
"beam-latam.event.capabilities.user-ppv.receipt.v1","","40","","","0B","","false",""
"beam-latam.event.capabilities.user-ppv.v1","","40","","","0B","","false",""
"beam-latam.event.commercial-offers.campaign-user.v1","","10","","","21.01KB","","false",""
"beam-latam.event.global.payments.audit.v1","","50","","","7.07KB","","false",""
"beam-latam.event.iap-subscription.v1","","20","","","14.95KB","","false",""
"beam-latam.event.internal.legal.missingconsents.v1","","10","","","0B","","false",""
"beam-latam.event.internal.legal.v1","","10","","","3.17GB","","false",""
"beam-latam.event.legal.localization.v1","","10","","","0B","","false",""
"beam-latam.event.legal.v1","","10","","","13.71GB","","false",""
"beam-latam.event.lightning-bird.v1","","6","8B/s","","922.95KB","","false",""
"beam-latam.event.personalized-offers.v1","","10","","","42.57KB","","false",""
"beam-latam.event.replay.users.v2","","3","","","0B","","false",""
"beam-latam.event.roku-instant-signup.v1","","6","","","0B","","false",""
"beam-latam.event.silhouette.v1","","20","","","0B","","false",""
"beam-latam.event.silhouette.v2","","20","","","0B","","false",""
"beam-latam.event.subscription.user-subscription.v1","","20","","","6.44KB","","false",""
"beam-latam.event.subscription.user-subscription.v2","","20","125B/s","1003B/s","114.97MB","","false",""
"beam-latam.event.users.v2","","21","","0B/s","14.3MB","","false",""
"beam-latam.event.users.v2-silhouette-dlt","","20","","","0B","","false",""
"beam-latam.event.users.v2-silhouette-retry-0","","20","","","0B","","false",""
"beam-latam.event.users.v2-silhouette-retry-1","","20","","","0B","","false",""
"beam-latam.event.users.v2-silhouette-retry-2","","20","","","0B","","false",""
"beam-latam.event.users.v2-silhouette-retry-3","","20","","","0B","","false",""
"beam-latam.event.users.v2-silhouette-retry-4","","20","","","0B","","false",""
"beam-latam.internal.event.payment.notification.iap.amazon.raw","","20","","","0B","","false",""
"beam-latam.internal.event.payment.notification.iap.apple.raw","","20","","","270.77KB","","false",""
"beam-latam.internal.event.payment.notification.iap.google.raw","","20","","","0B","","false",""
"beam-latam.internal.event.payment.notification.iap.roku.v0","","20","","","0B","","false",""
"beam-latam.internal.event.payment.notification.iap.samsung.raw","","20","","","0B","","false",""
"beam-latam.internal.event.payment.notification.iap.vizio.raw","","20","","","0B","","false",""
"beam-latam.internal.legal.localization.v1","","10","","","0B","","false",""
"beam-latam.kinesis.to.kafka.payment-method.v1","","20","","","0B","","false",""
"beam-latam.kinesis.to.kafka.transaction.v1","","20","","","0B","","false",""
"beam-latam.temp.entity.users.profile","","20","","","4.6KB","","false",""
"beam-latam.temp.event.users","","21","","","0B","","false",""
"br-amer.entity.legal.v1","","10","","","11.12GB","","false",""
"br-amer.entity.livelike.v1","","20","0B/s","0B/s","24.53GB","","false",""
"br-amer.entity.preferences.v1","","20","7B/s","7B/s","3.9GB","","false",""
"br-amer.entity.silhouette.v1","","20","6B/s","6B/s","22.38GB","","false",""
"br-amer.entity.silhouette.v2","","20","8B/s","8B/s","35.38GB","","false",""
"br-amer.entity.users.profile.v2","","20","0B/s","0B/s","76.36GB","","false",""
"br-amer.entity.users.user-legacy-mapping.v2","","20","","","13.41KB","","false",""
"br-amer.entity.users.user.v2","","20","10B/s","10B/s","36.29GB","","false",""
"br-amer.event.internal.legal.missingconsents.v1","","10","","","0B","","false",""
"br-amer.event.internal.legal.v1","","10","","","6.81GB","","false",""
"br-amer.event.legal.localization.v1","","10","","","0B","","false",""
"br-amer.event.legal.v1","","10","","","22.8GB","","false",""
"br-amer.event.motif.identity.moderation-request.v1","","20","","","3.78GB","","false",""
"br-amer.event.motif.identity.moderation-response.v1","","20","","","8.04GB","","false",""
"br-amer.event.motif.identity.moderation-response.v1-silhouette-dlt","","20","","","0B","","false",""
"br-amer.event.motif.identity.moderation-response.v1-silhouette-retry-0","","20","","","0B","","false",""
"br-amer.event.motif.identity.moderation-response.v1-silhouette-retry-1","","20","","","0B","","false",""
"br-amer.event.motif.identity.moderation-response.v1-silhouette-retry-2","","20","","","0B","","false",""
"br-amer.event.motif.identity.moderation-response.v1-silhouette-retry-3","","20","","","0B","","false",""
"br-amer.event.motif.identity.moderation-response.v1-silhouette-retry-4","","20","","","0B","","false",""
"br-amer.event.motif.identity.moderation-response.v1-tyrone-dlt","","20","","","0B","","false",""
"br-amer.event.motif.identity.moderation-response.v1-tyrone-retry-0","","20","","","0B","","false",""
"br-amer.event.motif.identity.moderation-response.v1-tyrone-retry-1","","20","","","0B","","false",""
"br-amer.event.motif.identity.moderation-response.v1-tyrone-retry-2","","20","","","0B","","false",""
"br-amer.event.motif.identity.moderation-response.v1-tyrone-retry-3","","20","","","0B","","false",""
"br-amer.event.motif.identity.moderation-response.v1-tyrone-retry-4","","20","","","0B","","false",""
"br-amer.event.motif.media.media-state.v1","","20","","0B/s","3.59MB","","false",""
"br-amer.event.motif.social.moderation-request.v1","","20","","0B/s","264.57KB","","false",""
"br-amer.event.motif.social.moderation-response.v1","","20","","0B/s","619.42KB","","false",""
"br-amer.event.replay.users.v2","","3","","","0B","","false",""
"br-amer.event.silhouette.v1","","20","8B/s","17B/s","2.15GB","","false",""
"br-amer.event.silhouette.v2","","20","0B/s","0B/s","2.26GB","","false",""
"br-amer.event.tyrone.v1","","20","5B/s","11B/s","1.25GB","","false",""
"br-amer.event.users.v2","","21","0B/s","0B/s","3.1GB","","false",""
"br-amer.event.users.v2-silhouette-dlt","","20","","","0B","","false",""
"br-amer.event.users.v2-silhouette-retry-0","","20","","","0B","","false",""
"br-amer.event.users.v2-silhouette-retry-1","","20","","","0B","","false",""
"br-amer.event.users.v2-silhouette-retry-2","","20","","","0B","","false",""
"br-amer.event.users.v2-silhouette-retry-3","","20","","","0B","","false",""
"br-amer.event.users.v2-silhouette-retry-4","","20","","","0B","","false",""
"br-amer.internal.legal.localization.v1","","10","","","0B","","false",""
"client.events.v1","","20","","","0B","","false",""
"cnn-amer.entity.silhouette.v1","","8","","","0B","","false",""
"cnn-amer.entity.silhouette.v2","","8","","","0B","","false",""
"cnn-amer.event.silhouette.v1","","8","","","0B","","false",""
"cnn-amer.event.silhouette.v2","","8","","","0B","","false",""
"cnn-latam.entity.silhouette.v1","","8","","","0B","","false",""
"cnn-latam.entity.silhouette.v2","","8","","","0B","","false",""
"cnn-latam.event.silhouette.v1","","8","","","0B","","false",""
"cnn-latam.event.silhouette.v2","","8","","","0B","","false",""
"data-platform-services.relay.dlq.json.v1","","128","","","0B","","false",""
"dlq-lcc-8k1krr","","2","0B/s","","7.17GB","","false",""
"dplus-amer.api.iap-subscription.action-outcome.v1","","20","","","0B","","false",""
"dplus-amer.api.iap-subscription.actions.v1","","20","","","0B","","false",""
"dplus-amer.api.subscriptions.partner-subscriptions.receipts.v1","","20","","","0B","","false",""
"dplus-amer.api.subscriptions.partner-subscriptions.v1","","20","","","0B","","false",""
"dplus-amer.entity.capabilities.capability-definition.v1","","20","","","0B","","false",""
"dplus-amer.entity.capabilities.capability-definition.v2","","20","","","0B","","false",""
"dplus-amer.entity.capabilities.content.segment.v1","","10","","","0B","","false",""
"dplus-amer.entity.capabilities.package.v1","","10","","","0B","","false",""
"dplus-amer.entity.capabilities.user-capability.v1","","40","","","18.3MB","","false",""
"dplus-amer.entity.commercial-offers.campaign.v1","","6","","","0B","","false",""
"dplus-amer.entity.commercial-offers.price-plan.v1","","6","","","0B","","false",""
"dplus-amer.entity.commercial-offers.product-package.v1","","10","","","0B","","false",""
"dplus-amer.entity.commercial-offers.product.v1","","10","","","0B","","false",""
"dplus-amer.entity.iap-subscription.offer-eligibility.v1","","20","","","25.06KB","","false",""
"dplus-amer.entity.iap-subscription.v1","","20","","","180.77MB","","false",""
"dplus-amer.entity.legal.v1","","10","","","15.27GB","","false",""
"dplus-amer.entity.personalized-offers.offer.v1","","6","","","56.01KB","","false",""
"dplus-amer.entity.silhouette.v1","","8","","","3.94MB","","false",""
"dplus-amer.entity.silhouette.v2","","8","","","3.68MB","","false",""
"dplus-amer.entity.subscription.non-paying-period.v1","","20","","","13.47MB","","false",""
"dplus-amer.entity.subscription.non-paying-period.v2","","20","","","12.86MB","","false",""
"dplus-amer.entity.subscription.subscription.v1","","20","","","11.32MB","","false",""
"dplus-amer.entity.subscription.subscription.v2","","20","","","29.24MB","","false",""
"dplus-amer.entity.users.profile.v2","","20","","","473.85MB","","false",""
"dplus-amer.entity.users.user-legacy-mapping.v2","","20","","","0B","","false",""
"dplus-amer.entity.users.user.v2","","20","","","305.56MB","","false",""
"dplus-amer.event.campaign.internal.campaign-code.v1","","10","","","0B","","false",""
"dplus-amer.event.capabilities.internal.tvod-entitlement.v1","","40","","","0B","","false",""
"dplus-amer.event.capabilities.user-capability.v1","","40","","","0B","","false",""
"dplus-amer.event.capabilities.user-ppv.receipt.v1","","40","","","0B","","false",""
"dplus-amer.event.capabilities.user-ppv.v1","","40","","","0B","","false",""
"dplus-amer.event.commercial-offers.campaign-user.v1","","10","","","0B","","false",""
"dplus-amer.event.commercial-offers.product-pricing.v1","","10","","","0B","","false",""
"dplus-amer.event.global.payments.audit.v1","","50","","","0B","","false",""
"dplus-amer.event.iap-subscription.v1","","20","","","88.47KB","","false",""
"dplus-amer.event.internal.legal.localization.v1","","10","","","0B","","false",""
"dplus-amer.event.internal.legal.missingconsents.v1","","10","","","0B","","false",""
"dplus-amer.event.internal.legal.v1","","10","","","9.71GB","","false",""
"dplus-amer.event.legal.localization.v1","","10","","","0B","","false",""
"dplus-amer.event.legal.v1","","10","","","47.7GB","","false",""
"dplus-amer.event.messaging-platform.highpri","","6","","","0B","","false",""
"dplus-amer.event.messaging-platform.lowpri","","6","","","1.34MB","","false",""
"dplus-amer.event.personalized-offers.v1","","10","","","1.17KB","","false",""
"dplus-amer.event.replay.users.v2","","3","","","0B","","false",""
"dplus-amer.event.roku-instant-signup.v1","","6","","","0B","","false",""
"dplus-amer.event.silhouette.v1","","8","","","0B","","false",""
"dplus-amer.event.silhouette.v2","","8","","","0B","","false",""
"dplus-amer.event.subscription.user-subscription.v1","","20","","","2.07MB","","false",""
"dplus-amer.event.subscription.user-subscription.v2","","20","","0B/s","12.14MB","","false",""
"dplus-amer.event.users.v2","","21","","0B/s","8.11MB","","false",""
"dplus-amer.event.users.v2-silhouette-dlt","","20","","","0B","","false",""
"dplus-amer.event.users.v2-silhouette-retry-0","","20","","","0B","","false",""
"dplus-amer.event.users.v2-silhouette-retry-1","","20","","","0B","","false",""
"dplus-amer.event.users.v2-silhouette-retry-2","","20","","","0B","","false",""
"dplus-amer.event.users.v2-silhouette-retry-3","","20","","","0B","","false",""
"dplus-amer.event.users.v2-silhouette-retry-4","","20","","","0B","","false",""
"dplus-amer.internal.event.payment.notification.iap.amazon.raw","","20","","","5.14KB","","false",""
"dplus-amer.internal.event.payment.notification.iap.apple.raw","","20","","","1.87MB","","false",""
"dplus-amer.internal.event.payment.notification.iap.google.raw","","20","","","56.08KB","","false",""
"dplus-amer.internal.event.payment.notification.iap.roku.v0","","20","","","0B","","false",""
"dplus-amer.internal.event.payment.notification.iap.samsung.raw","","20","","","0B","","false",""
"dplus-amer.internal.event.payment.notification.iap.vizio.raw","","20","","","0B","","false",""
"dplus-amer.internal.legal.localization.v1","","10","","","0B","","false",""
"dplus-amer.kinesis.to.kafka.payment-method.v1","","20","","","0B","","false",""
"dplus-amer.kinesis.to.kafka.transaction.v1","","20","","","0B","","false",""
"dplus-emea.event.roku-instant-signup.v1","","6","","","0B","","false",""
"dplus-emea.internal.event.payment.notification.iap.amazon.raw","","20","","","0B","","false",""
"dplus-emea.internal.event.payment.notification.iap.apple.raw","","20","","","0B","","false",""
"dplus-emea.internal.event.payment.notification.iap.google.raw","","20","","","0B","","false",""
"dplus-emea.internal.event.payment.notification.iap.roku.v0","","20","","","0B","","false",""
"dplus-emea.internal.event.payment.notification.iap.samsung.raw","","20","","","0B","","false",""
"dplus-emea.internal.event.payment.notification.iap.vizio.raw","","20","","","0B","","false",""
"entity.adTargetingData.v4","","20","15B/s","720.12KB/s","36.99MB","","false",""
"entity.aggregatedcontentmodel.v2","","20","","","1.85GB","","false",""
"entity.aggregatedcontentmodel.v2final","","20","14.69KB/s","115.7KB/s","28.66GB","","false",""
"entity.airing.v4","","30","","3.05KB/s","2.8GB","","false",""
"entity.article.v4","","20","","1.83KB/s","7.56GB","","false",""
"entity.bet.v4","","20","156B/s","1.06KB/s","336.22MB","","false",""
"entity.billing-address.v1","","20","","","2.6GB","","false",""
"entity.brand.v4","","20","","843B/s","866.26KB","","false",""
"entity.capabilities.capability-definition.v1","","20","","","88.49KB","","false",""
"entity.capabilities.capability-definition.v2","","20","","1.12KB/s","96.08KB","","false",""
"entity.capabilities.content.segment.v1","","10","","","22.73KB","","false",""
"entity.capabilities.package.v1","","10","","","11.52KB","","false",""
"entity.capabilities.user-capability.v1","","40","0B/s","8B/s","16.38GB","","false",""
"entity.cdnImage.v2","","20","0B/s","0B/s","9.71GB","","false",""
"entity.cms.avatar.v1","","3","","","158.36KB","","false",""
"entity.cms.collection-metadata.v1","","3","","","4.01MB","","false",""
"entity.cms.collection.v1","","3","","","4.23MB","","false",""
"entity.cms.page-metadata.v1","","3","","","475.78KB","","false",""
"entity.cms.page.v1","","3","","","202.5KB","","false",""
"entity.cms.route-path.v2","","3","","","12.06KB","","false",""
"entity.cms.territoryconfig.v1","","3","","","4.67KB","","false",""
"entity.cms.variantscontainer.v1","","3","","","126.52KB","","false",""
"entity.cnn.videoResource.v1","","20","","","0B","","false",""
"entity.commercial-offers.campaign.v1","","6","","","260.85KB","","false",""
"entity.commercial-offers.price-plan.v1","","6","","","1.26MB","","false",""
"entity.commercial-offers.product-package.v1","","10","","","0B","","false",""
"entity.commercial-offers.product.v1","","10","","","0B","","false",""
"entity.composite.v4","","20","0B/s","1.39KB/s","882.21MB","","false",""
"entity.content-promotion.campaign-candidate.v1","","21","","","0B","","false",""
"entity.contentCommand.v4","","20","23B/s","1.22KB/s","1.37GB","","false",""
"entity.creative.v4","","30","","1.06KB/s","56.46MB","","false",""
"entity.deliverableImage.v4","","20","28B/s","2.05KB/s","23.76GB","","false",""
"entity.distributionChannel.v4","","30","","825B/s","334.56KB","","false",""
"entity.edit.v4","","20","12B/s","2.1KB/s","2.08GB","","false",""
"entity.editorialTaxonomyMessage.v1","","20","","856B/s","24.51MB","","false",""
"entity.editorialTaxonomyRelationship.v1","","20","22B/s","942B/s","2.26GB","","false",""
"entity.ferManifestation.v4","","30","","3.14KB/s","74.91MB","","false",""
"entity.gauth.partner.name","","20","","","109.92KB","","false",""
"entity.gsmSourceString.v1","","20","","","0B","","false",""
"entity.hopper.campaign-candidate.v1","","6","","0B/s","0B","","false",""
"entity.hopper.campaign-candidate.v2","","6","","0B/s","28.49KB","","false",""
"entity.idp.user.v1","","6","","","0B","","false",""
"entity.legacy-id-mappings.price-plans.v1","","3","","","1.78KB","","false",""
"entity.legacy-id-mappings.products.v1","","3","","","390B","","false",""
"entity.legacy-id-mappings.subscriptions.v1","","3","","","0B","","false",""
"entity.legal.v1","","10","","","560.48MB","","false",""
"entity.lightning-bird.v1","","6","","","0B","","false",""
"entity.mezzanineManifestation.v4","","30","","706.87KB/s","457.73MB","","false",""
"entity.mss.contentModel.v1","","20","","","0B","","false",""
"entity.offer-catalog.internal.offers.price-plan.v1","","6","","","1.33MB","","false",""
"entity.offer-catalog.internal.price-plan.v1","","6","","","1.39MB","","false",""
"entity.offer-catalog.partner-sku.v1","","6","","","384.35KB","","false",""
"entity.offering.v4","","20","266B/s","9.34KB/s","9.84GB","","false",""
"entity.page-structure.structure.v1","","3","","","247.79KB","","false",""
"entity.partnerMezzanineManifestation.v4","","30","","615B/s","49.45MB","","false",""
"entity.payment-method.v1","","20","","","6.26GB","","false",""
"entity.payment-receipt.v1","","20","","","40.59KB","","false",""
"entity.payment-transaction.v1","","20","","","26.64GB","","false",""
"entity.payment-transaction.v2","","20","","","889.92MB","","false",""
"entity.person.v4","","20","","847B/s","226.48MB","","false",""
"entity.personalized-offers.offer.v1","","6","","","1.53MB","","false",""
"entity.playabilityEvent.v5","","30","","0B/s","0B","","false",""
"entity.playlistOffering.v4","","20","","1.1KB/s","1.52GB","","false",""
"entity.presentationManifestation.v4","","30","6.7KB/s","148.02KB/s","18.2GB","","false",""
"entity.presentationManifestation.v5","","30","","3.11KB/s","603.69KB","","false",""
"entity.product-catalog.internal.product-transition.v1","","6","","","76.16KB","","false",""
"entity.product-catalog.internal.product.v1","","6","","","183.77KB","","false",""
"entity.product-catalog.product.v1","","6","","","189.25KB","","false",""
"entity.program.v4","","20","430B/s","29.76KB/s","12.5GB","","false",""
"entity.prs.simulated-page.v1","","3","","","24.37GB","","false",""
"entity.pushNotification.v4","","20","","442B/s","8.53MB","","false",""
"entity.region.v4","","30","","19.28KB/s","9.96MB","","false",""
"entity.regionShape.v4","","30","","13.1KB/s","14.59MB","","false",""
"entity.rolledUpAiring.v4","","20","","1.13KB/s","783.11MB","","false",""
"entity.rolledUpOffering.v4","","20","11.74KB/s","82.79KB/s","5.62GB","","false",""
"entity.rolledUpOffering.v4a","","20","13.3KB/s","127.65KB/s","2.4GB","","false",""
"entity.scenes.v4","","20","","62.37KB/s","1.47GB","","false",""
"entity.season.v4","","20","","29.66KB/s","467.85MB","","false",""
"entity.series.v4","","20","1.03KB/s","97.2KB/s","844.75MB","","false",""
"entity.socialChannel.v4","","20","","349B/s","205.14MB","","false",""
"entity.socialMedia.v4","","20","38B/s","948B/s","911.75MB","","false",""
"entity.socialProcess.v4","","20","","273B/s","157.13MB","","false",""
"entity.spreedly-token-details.v1","","20","","","235.72MB","","false",""
"entity.subscription.non-paying-period.v1","","20","","","325.55MB","","false",""
"entity.subscription.non-paying-period.v2","","20","","","679.41MB","","false",""
"entity.subscription.subscription.v1","","20","","","7.8GB","","false",""
"entity.subscription.subscription.v2","","20","0B/s","31B/s","16.99GB","","false",""
"entity.taxonomy.v4","","20","","3.17KB/s","696.34MB","","false",""
"entity.telemetry-dlq.json.v1","","20","","","10.95KB","","false",""
"entity.telemetry-enriched-malformed.json.v1","","16","0B/s","0B/s","156.05MB","","false",""
"entity.telemetry-enriched.json.v1","","512","1.91KB/s","1.89KB/s","793.3MB","","false",""
"entity.telemetry-enriched.json.v1-temp-load-test-da-45498","","1024","","","0B","","false",""
"entity.telemetry-enriched.json.v1.malformed","","16","","","0B","","false",""
"entity.telemetry-ingress.http.v1","","512","4.21KB/s","4.2KB/s","1.74GB","","false",""
"entity.telemetry-ingress.http.v1-temp-load-test-da-45498","","1024","","","0B","","false",""
"entity.timedMetadata.v4","","20","0B/s","492B/s","18.39MB","","false",""
"entity.unifiedContentModel.v1","","20","","","6.52KB","","false",""
"entity.users.profile.v2","","20","31B/s","94B/s","329.68GB","","false",""
"entity.users.user-legacy-mapping.v2","","20","","","1.58MB","","false",""
"entity.users.user.v2","","20","23B/s","78B/s","27.47GB","","false",""
"entity.videoInsight.v4","","20","","0B/s","0B","","false",""
"euc1.any-emea.event.campaign.internal.campaign-code.v1","","10","","","8.89KB","","false",""
"euc1.beam-emea.internal.legal.localization.v1","","10","","","0B","","false",""
"euc1.dplus-emea.internal.legal.localization.v1","","10","","","0B","","false",""
"event.auditEvent.v4","","41","151.85KB/s","466.57KB/s","208.67GB","","false",""
"event.campaign.internal.campaign-code-revoked.v1","","10","","","0B","","false",""
"event.campaign.internal.campaign-code.v1","","10","","","34.67KB","","false",""
"event.capabilities.internal.tvod-entitlement.v1","","40","","","0B","","false",""
"event.capabilities.user-capability.v1","","40","","","0B","","false",""
"event.capabilities.user-ppv.receipt.v1","","40","","","0B","","false",""
"event.capabilities.user-ppv.v1","","40","","","0B","","false",""
"event.cdnwarmer.notification.v1","","3","","","0B","","false",""
"event.cdnwarmer.request.v1","","3","","","0B","","false",""
"event.cms.experiment.v1","","3","","0B/s","1.36KB","","false",""
"event.commercial-offers.campaign-user.v1","","10","","","29.23KB","","false",""
"event.commercial-offers.internal.audit-log.v1","","6","","","1.26KB","","false",""
"event.commercial-offers.product-pricing.v1","","10","","","0B","","false",""
"event.content.updated.v1","","20","1.17KB/s","3.52KB/s","174.95MB","","false",""
"event.gauth.audit","","20","0B/s","0B/s","339.67MB","","false",""
"event.gauth.audit.transformed","","20","0B/s","0B/s","387.69MB","","false",""
"event.gauth.partner","","20","0B/s","0B/s","16.91MB","","false",""
"event.gauth.partner.name","","20","","","0B","","false",""
"event.gauth.partnerFulfillmentConfirmation.v1","","20","","","0B","","false",""
"event.gauth.user","","20","0B/s","0B/s","31.27MB","","false",""
"event.global.payments.audit.v1","","50","","","1.78KB","","false",""
"event.globalContentPopularityPerProductLine.series.v4","","20","","92B/s","13.71MB","","false",""
"event.gmssLogEvent.v1","","20","","","63.42MB","","false",""
"event.iap-subscription.v1","","20","","","178.61KB","","false",""
"event.idp.v1","","6","","","0B","","false",""
"event.ingestEvent.v4","","20","1.4KB/s","12.57KB/s","4.03GB","","false",""
"event.internal.legal.localization.v1","","10","","","0B","","false",""
"event.internal.legal.missingconsents.v1","","10","","","0B","","false",""
"event.internal.legal.v1","","10","","","337.18MB","","false",""
"event.jobStatus.v4","","41","4.25KB/s","46.94KB/s","16.11GB","","false",""
"event.legal.localization.v1","","10","","","0B","","false",""
"event.legal.v1","","10","","","450.41MB","","false",""
"event.lexicon.audit","","20","","0B/s","384.02KB","","false",""
"event.lexicon.audit.databricks","","20","","","454.11KB","","false",""
"event.lightning-bird.v1","","6","10B/s","10B/s","985.16KB","","false",""
"event.localizationCacheInvalidation.v1","","20","0B/s","233B/s","41.65MB","","false",""
"event.messaging-platform.highpri","","6","","","0B","","false",""
"event.messaging-platform.iam-viewed","","6","","","69.54KB","","false",""
"event.messaging-platform.lowpri","","6","","","17.98MB","","false",""
"event.page-structure.structure.v1","","7","","","77.87MB","","false",""
"event.payment-method.v1","","20","","","1.84MB","","false",""
"event.payment-provider-api-invocation.v1","","20","","","206.92MB","","false",""
"event.payment-provider-notification.v1","","20","","","583.38MB","","false",""
"event.payment-transaction.v1","","20","","","78.14MB","","false",""
"event.payment-transaction.v2","","20","","0B/s","76.63MB","","false",""
"event.personalized-offers.v1","","10","","","108.9KB","","false",""
"event.playabilityEvent.v4","","30","6.79KB/s","147.71KB/s","17.14GB","","false",""
"event.playbackCount.program.v4","","20","","","0B","","false",""
"event.playbackCount.series.v4","","20","","71B/s","15.15MB","","false",""
"event.product-catalog.v1","","6","","","4.87KB","","false",""
"event.prs.page.v1","","3","0B/s","0B/s","2.67GB","","false",""
"event.pss.structure.v1","","7","","","0B","","false",""
"event.replay.users.v2","","3","","","0B","","false",""
"event.roku-instant-signup.v1","","6","","","0B","","false",""
"event.rollupEvent.v4","","20","","","29.67GB","","false",""
"event.service-frameworks.v1","","6","","","0B","","false",""
"event.ssaiExternalTrackers.v1","","20","","","0B","","false",""
"event.ssaiXcoderNotification.v1","","20","","1.89KB/s","1.4GB","","false",""
"event.subscription-payment-failure.v1","","20","","","3.66KB","","false",""
"event.subscription.user-subscription.v1","","20","","","30.27KB","","false",""
"event.subscription.user-subscription.v2","","20","0B/s","21B/s","60.54MB","","false",""
"event.users.v2","","100","11B/s","101B/s","18.42MB","","false",""
"event.users.v2-silhouette-dlt","","20","","","0B","","false",""
"event.users.v2-silhouette-retry-0","","20","","","0B","","false",""
"event.users.v2-silhouette-retry-1","","20","","","0B","","false",""
"event.users.v2-silhouette-retry-2","","20","","","0B","","false",""
"event.users.v2-silhouette-retry-3","","20","","","0B","","false",""
"event.users.v2-silhouette-retry-4","","20","","","0B","","false",""
"growth-ml-recs.v1","","20","","","0B","","false",""
"internal.authz.v1","","10","","0B/s","717.44KB","","false",""
"internal.bulkOfferingRollup.v4","","20","","0B/s","6.18MB","","false",""
"internal.capvs.aggregate.airing.v4","","20","","","0B","","false",""
"internal.capvs.aggregate.brand.v4","","20","","","0B","","false",""
"internal.capvs.aggregate.edit.v4","","20","","","0B","","false",""
"internal.capvs.aggregate.offering.v4","","20","","","0B","","false",""
"internal.capvs.aggregate.program.v4","","20","","","0B","","false",""
"internal.capvs.aggregate.season.v4","","20","","","0B","","false",""
"internal.capvs.aggregate.series.v4","","20","","","0B","","false",""
"internal.content-processing.entity.transcodingMezzanine.v1","","30","90.18KB/s","89.23KB/s","472.16MB","","false",""
"internal.content-processing.entity.transcodingStatus.v1","","30","","","86.31MB","","false",""
"internal.entity.content.v1","","20","39.56KB/s","247.93KB/s","14.32GB","","false",""
"internal.entity.content.v2","","20","45.02KB/s","46.56KB/s","13.83GB","","false",""
"internal.event.content.v1","","21","9.14KB/s","158.15KB/s","177.23GB","","false",""
"internal.event.payment-method.sync.receipts.v2","","20","","","3.57MB","","false",""
"internal.event.payment-method.sync.v2","","20","","","18.55MB","","false",""
"internal.event.payment-session.v1","","20","","0B/s","51.71MB","","false",""
"internal.event.payment.api-invocation.spreedly.v0","","20","","","324.9MB","","false",""
"internal.event.payment.attributes.v1","","20","","","45.96MB","","false",""
"internal.event.payment.notification.adyen.v0","","20","","","55.33MB","","false",""
"internal.event.payment.notification.comcast.v0","","20","","","0B","","false",""
"internal.event.payment.notification.iap.amazon.raw","","20","","","75.5KB","","false",""
"internal.event.payment.notification.iap.apple.raw","","20","","","3.5MB","","false",""
"internal.event.payment.notification.iap.google.raw","","20","","","45.23KB","","false",""
"internal.event.payment.notification.iap.roku.v0","","20","","","3.88KB","","false",""
"internal.event.payment.notification.iap.samsung.raw","","20","","","0B","","false",""
"internal.event.payment.notification.iap.vizio.raw","","20","","","0B","","false",""
"internal.event.payment.notification.paypal.v0","","20","","","1.31MB","","false",""
"internal.event.payment.notification.spreedly.v0","","20","","","0B","","false",""
"internal.event.payment.notification.spreedly.v1","","20","","","0B","","false",""
"internal.event.payment.notification.stripe.v0","","20","","","665.07MB","","false",""
"internal.event.payment.pending-payment-update.v0","","20","","","0B","","false",""
"internal.event.payment.reconciliation.v0","","6","","","0B","","false",""
"internal.event.payment.reference.mapping.v1","","20","","","129.23MB","","false",""
"internal.event.tax-record.v1","","20","","","0B","","false",""
"internal.event.transaction.sync.receipts.v2","","80","","","1.74MB","","false",""
"internal.event.transaction.sync.receipts.v3","","80","","","1.39KB","","false",""
"internal.event.transaction.sync.v2","","80","","","9.69MB","","false",""
"internal.event.transaction.sync.v3","","80","","","11.33KB","","false",""
"internal.labs.audit.v1","","100","","0B/s","323.57KB","","false",""
"internal.labs.experiments.v1","","100","","0B/s","59.94KB","","false",""
"internal.labs.feature.flags.v1","","100","","0B/s","7.38MB","","false",""
"internal.labs.mab.tracking.v1","","100","","0B/s","0B","","false",""
"internal.labs.notifications.v1","","100","","0B/s","0B","","false",""
"internal.labs.stats.v1","","250","53B/s","53B/s","868.67MB","","false",""
"internal.legal.localization.v1","","10","","","0B","","false",""
"kinesis.to.kafka.payment-method.v1","","20","","","0B","","false",""
"kinesis.to.kafka.transaction.v1","","20","","","0B","","false",""
"labs.experiments.notification.v1","","3","","0B/s","605B","","false",""
"labs.experiments.v1","","100","","","21.42KB","","false",""
"mss.contentExclusion.v1","","20","","0B/s","0B","","false",""
"observability.providence-multitenant.any-analytics-usage-sink.json.v1","","32","29B/s","29B/s","16.74MB","","false",""
"observability.providence-multitenant.json.v1","","64","108B/s","541B/s","54.1MB","","false",""
"observability.providence.any-analytics-usage-sink.json.v1","","32","187B/s","187B/s","52.88MB","","false",""
"observability.providence.any-sessionizer.json.v1","","32","","","0B","","false",""
"observability.providence.json.v2","","256","861B/s","3.27KB/s","453.17MB","","false",""
"observability.vei.forensic-data.v1","","10","","","0B","","false",""
"policy.commerce.v1","","20","","","2.17KB","","false",""
"policy.consents.v1","","20","","","8.89KB","","false",""
"policy.content.v1","","20","","","34.67KB","","false",""
"policy.experience.v1","","20","","","7.33KB","","false",""
"policy.geographic.v1","","20","","","117.77KB","","false",""
"policy.localization.v1","","20","","","390.71KB","","false",""
"policy.migration.v1","","20","","","2.41KB","","false",""
"policy.profile.v1","","20","","","3.05KB","","false",""
"policy.ratings.v1","","20","","","495.22KB","","false",""
"prd.use1.entity.airing.v4","","30","","1.04KB/s","2.05GB","","false",""
"prd.use1.entity.article.v4","","20","","","21.14GB","","false",""
"prd.use1.entity.brand.v4","","20","","165B/s","178.65KB","","false",""
"prd.use1.entity.composite.v4","","20","","","3.44GB","","false",""
"prd.use1.entity.deliverableImage.v4","","20","","312B/s","22.35GB","","false",""
"prd.use1.entity.distributionChannel.v4","","30","","239B/s","127.16KB","","false",""
"prd.use1.entity.edit.v4","","20","","222B/s","1.64GB","","false",""
"prd.use1.entity.offering.v4","","20","","1.21KB/s","13.03GB","","false",""
"prd.use1.entity.person.v4","","20","","189B/s","193.43MB","","false",""
"prd.use1.entity.playlistOffering.v4","","20","","457B/s","1.36GB","","false",""
"prd.use1.entity.presentationManifestation.v4","","30","","1.6KB/s","17.4GB","","false",""
"prd.use1.entity.program.v4","","20","","1.33KB/s","12.77GB","","false",""
"prd.use1.entity.region.v4","","30","","10.43KB/s","7.79MB","","false",""
"prd.use1.entity.scenes.v4","","20","","31.91KB/s","1.61GB","","false",""
"prd.use1.entity.season.v4","","20","","6.22KB/s","445.88MB","","false",""
"prd.use1.entity.series.v4","","20","","14.43KB/s","854.78MB","","false",""
"prd.use1.entity.socialChannel.v4","","20","","","106.09MB","","false",""
"prd.use1.entity.socialMedia.v4","","20","","","3.93GB","","false",""
"prd.use1.entity.taxonomy.v4","","20","","589B/s","431.57MB","","false",""
"uep.event-stream.v1","","3","","0B/s","1.23MB","","false",""
"uep.event-syndication-egress.v1","","3","","","0B","","false",""